"Nome";"Média provas";"Média trabalhos";"Média final"
Fulano;8.933333333333335;9.5;9.103333333333335
Beltrano;8.133333333333333;9.0;8.393333333333334
Sicrano;7.666666666666667;10.0;8.366666666666667
Caucasano;8.9;9.0;8.930000000000001
Pedrano;8.966666666666667;9.0;8.976666666666667
